"","Total_Trees","Mean_Height","Mean_BHD","Total_Basal_Area_ha"
"1",982,25.3269103869654,0.29299004827686,21.7336988947494
